{
    "keyboard_name": "6lit",
    "url": "",
    "maintainer": "qmk",
    "width": 6,
    "height": 2,
    "layouts": {
        "LAYOUT_macro": {
            "key_count": 6,
            "layout": [
              {"x":0, "y":0}, {"x":1, "y":0}, {"x":2, "y":0},
              {"x":0, "y":1}, {"x":1, "y":1}, {"x":2, "y":1}
            ]
        },
        "LAYOUT_split": {
            "key_count": 12,
            "layout": [
              {"x":0, "y":0}, {"x":1, "y":0}, {"x":2, "y":0}, {"x":3, "y":0}, {"x":4, "y":0}, {"x":5, "y":0},
              {"x":0, "y":1}, {"x":1, "y":1}, {"x":2, "y":1}, {"x":3, "y":1}, {"x":4, "y":1}, {"x":5, "y":1}
            ]
        }
    }
}
