{
    "keyboard_name": "30wer", 
    "url": "", 
    "maintainer": "qmk", 
    "width": 13.25, 
    "height": 3, 
    "layouts": {
        "LAYOUT": {
            "layout": [
                {"label":"Tab", "x":0, "y":0},
                {"label":"Q", "x":1, "y":0},
                {"label":"W", "x":2, "y":0},
                {"label":"E", "x":3, "y":0},
                {"label":"R", "x":4, "y":0},
                {"label":"T", "x":5, "y":0},
                {"label":"Y", "x":6, "y":0},
                {"label":"U", "x":7, "y":0},
                {"label":"I", "x":8, "y":0},
                {"label":"O", "x":9, "y":0},
                {"label":"P", "x":10, "y":0},
                {"label":"Bksp", "x":11, "y":0},
                {"label":"Delete", "x":12, "y":0, "w":1.25},
                {"label":"Ctrl", "x":0, "y":1, "w":1.25},
                {"label":"A", "x":1.25, "y":1},
                {"label":"S", "x":2.25, "y":1},
                {"label":"D", "x":3.25, "y":1},
                {"label":"F", "x":4.25, "y":1},
                {"label":"G", "x":5.25, "y":1},
                {"label":"H", "x":6.25, "y":1},
                {"label":"J", "x":7.25, "y":1},
                {"label":"K", "x":8.25, "y":1},
                {"label":"L", "x":9.25, "y":1},
                {"label":":", "x":10.25, "y":1},
                {"label":"\"", "x":11.25, "y":1},
                {"label":"Enter", "x":12.25, "y":1},
                {"label":"Shift", "x":0, "y":2, "w":1.75},
                {"label":"Z", "x":1.75, "y":2},
                {"label":"X", "x":2.75, "y":2},
                {"label":"C", "x":3.75, "y":2},
                {"label":"V", "x":4.75, "y":2},
                {"label":"B", "x":5.75, "y":2},
                {"label":"N", "x":6.75, "y":2},
                {"label":"M", "x":7.75, "y":2},
                {"label":"<", "x":8.75, "y":2},
                {"label":">", "x":9.75, "y":2},
                {"label":"?", "x":10.75, "y":2},
                {"label":"Space", "x":11.75, "y":2, "w":1.5}
            ]
        }
    }
}
